[{"metricsType":"CTA","language":null,"metricName":"Namespace","reference":"JobSchedulerApp","solutionPath":"076bd7015547941787fade8f112701a9c85af38968d2061c7c3d49b3569c7bba"},{"metricsType":"CTA","language":null,"metricName":"Namespace","reference":"System.Threading.Tasks","solutionPath":"076bd7015547941787fade8f112701a9c85af38968d2061c7c3d49b3569c7bba"},{"metricsType":"CTA","language":null,"metricName":"Namespace","reference":"System.IO","solutionPath":"076bd7015547941787fade8f112701a9c85af38968d2061c7c3d49b3569c7bba"},{"metricsType":"CTA","language":null,"metricName":"Namespace","reference":"System","solutionPath":"076bd7015547941787fade8f112701a9c85af38968d2061c7c3d49b3569c7bba"},{"metricsType":"CTA","language":null,"metricName":"Namespace","reference":"System.Net.Http","solutionPath":"076bd7015547941787fade8f112701a9c85af38968d2061c7c3d49b3569c7bba"},{"metricsType":"CTA","language":null,"metricName":"Namespace","reference":"Newtonsoft.Json","solutionPath":"076bd7015547941787fade8f112701a9c85af38968d2061c7c3d49b3569c7bba"},{"metricsType":"CTA","language":null,"metricName":"Namespace","reference":"System.Collections.Generic","solutionPath":"076bd7015547941787fade8f112701a9c85af38968d2061c7c3d49b3569c7bba"},{"metricsType":"CTA","language":null,"metricName":"Namespace","reference":"System.Linq","solutionPath":"076bd7015547941787fade8f112701a9c85af38968d2061c7c3d49b3569c7bba"},{"metricsType":"CTA","language":null,"metricName":"Namespace","reference":"System.Threading","solutionPath":"076bd7015547941787fade8f112701a9c85af38968d2061c7c3d49b3569c7bba"},{"metricsType":"CTA","language":null,"metricName":"Namespace","reference":"project.all","solutionPath":"076bd7015547941787fade8f112701a9c85af38968d2061c7c3d49b3569c7bba"},{"metricsType":"CTA","language":null,"metricName":"RulesFile","downloadedFile":"project.all.json","solutionPath":"076bd7015547941787fade8f112701a9c85af38968d2061c7c3d49b3569c7bba"},{"metricsType":"CTA","language":null,"metricName":"RulesFile","downloadedFile":"system.net.http.json","solutionPath":"076bd7015547941787fade8f112701a9c85af38968d2061c7c3d49b3569c7bba"},{"metricsType":"CTA","language":"csharp","metricName":"TargetVersion","targetVersion":"net8.0","sourceVersion":"net48","solutionPath":"076bd7015547941787fade8f112701a9c85af38968d2061c7c3d49b3569c7bba","projectGuid":"9b539dfc-1935-2179-4719-b4dd7bd043f7"},{"metricsType":"CTA","language":"csharp","metricName":"TargetVersion","targetVersion":"net8.0","sourceVersion":"net48","solutionPath":"076bd7015547941787fade8f112701a9c85af38968d2061c7c3d49b3569c7bba","projectGuid":"9b539dfc-1935-2179-4719-b4dd7bd043f7"}]